effectGroup,effectName,functionName,shortName,endowment,interaction1,interaction2,type,basicRate,include,randomEffects,fix,test,timeDummy,initialValue,parm,functionType,period,rateType,untrimmedValue,effect1,effect2,effect3,interactionType,local
behaviorOneModeObjective,behavior xxxxxx average similarity,beh. xxxxxx average similarity,avSim,TRUE,yyyyyy,,eval,FALSE,FALSE,FALSE,FALSE,FALSE,",",0,0,objective,NA,NA,0,0,0,0,,FALSE
behaviorOneModeObjective,behavior xxxxxx total similarity,beh. xxxxxx total similarity,totSim,TRUE,yyyyyy,,eval,FALSE,FALSE,FALSE,FALSE,FALSE,",",0,0,objective,NA,NA,0,0,0,0,,FALSE
behaviorOneModeObjective,behavior xxxxxx indegree,beh. xxxxxx indegrees,indeg,TRUE,yyyyyy,,eval,FALSE,FALSE,FALSE,FALSE,FALSE,",",0,0,objective,NA,NA,0,0,0,0,OK,FALSE
behaviorOneModeObjective,behavior xxxxxx outdegree,beh. xxxxxx outdegrees,outdeg,TRUE,yyyyyy,,eval,FALSE,FALSE,FALSE,FALSE,FALSE,",",0,0,objective,NA,NA,0,0,0,0,OK,FALSE
behaviorOneModeObjective,behavior xxxxxx isolate,beh. xxxxxx isolate,isolate,FALSE,yyyyyy,,eval,FALSE,FALSE,FALSE,FALSE,FALSE,",",0,0,objective,NA,NA,0,0,0,0,OK,FALSE
behaviorOneModeObjective,behavior xxxxxx ave. sim. x reciprocity,beh. xxxxxx ave. similarity x reciprocity,avSimRecip,FALSE,yyyyyy,,eval,FALSE,FALSE,FALSE,FALSE,FALSE,",",0,0,objective,NA,NA,0,0,0,0,,FALSE
behaviorOneModeObjective,behavior xxxxxx tot. sim. x reciprocity,beh. xxxxxx tot. similarity x reciprocity,totSimRecip,FALSE,yyyyyy,,eval,FALSE,FALSE,FALSE,FALSE,FALSE,",",0,0,objective,NA,NA,0,0,0,0,,FALSE
behaviorOneModeObjective,behavior xxxxxx ave. sim. x popularity alter,beh. xxxxxx ave. sim. x indegrees(one-sided),avSimPopAlt,FALSE,yyyyyy,,eval,FALSE,FALSE,FALSE,FALSE,FALSE,",",0,0,objective,NA,NA,0,0,0,0,,FALSE
behaviorOneModeObjective,behavior xxxxxx tot. sim. x popularity alter,beh. xxxxxx tot. sim. x indegrees(one-sided),totSimPopAlt,FALSE,yyyyyy,,eval,FALSE,FALSE,FALSE,FALSE,FALSE,",",0,0,objective,NA,NA,0,0,0,0,,FALSE
behaviorOneModeObjective,behavior xxxxxx x popularity alter,beh. xxxxxx x indegrees(one-sided),popAlt,FALSE,yyyyyy,,eval,FALSE,FALSE,FALSE,FALSE,FALSE,",",0,0,objective,NA,NA,0,0,0,0,OK,FALSE
behaviorOneModeObjective,behavior xxxxxx ave. sim. x rec. x pop. (alter),beh. xxxxxx ave. sim. x rec. x i.d.(one-sided),avSimRecPop,FALSE,yyyyyy,,eval,FALSE,FALSE,FALSE,FALSE,FALSE,",",0,0,objective,NA,NA,0,0,0,0,,FALSE
behaviorOneModeObjective,behavior xxxxxx tot. sim. x rec. x pop. (alter),beh. xxxxxx tot. sim. x rec. x i.d.(one-sided),totSimRecPop,FALSE,yyyyyy,,eval,FALSE,FALSE,FALSE,FALSE,FALSE,",",0,0,objective,NA,NA,0,0,0,0,,FALSE
behaviorOneModeObjective,behavior xxxxxx average alter,beh. xxxxxx average alters,avAlt,TRUE,yyyyyy,,eval,FALSE,FALSE,FALSE,FALSE,FALSE,",",0,0,objective,NA,NA,0,0,0,0,OK,FALSE
behaviorOneModeObjective,behavior xxxxxx total alter,beh. xxxxxx total alters,totAlt,TRUE,yyyyyy,,eval,FALSE,FALSE,FALSE,FALSE,FALSE,",",0,0,objective,NA,NA,0,0,0,0,OK,FALSE
behaviorOneModeObjective,behavior xxxxxx average rec. alters,beh. xxxxxx average rec. alters,avRecAlt,FALSE,yyyyyy,,eval,FALSE,FALSE,FALSE,FALSE,FALSE,",",0,0,objective,NA,NA,0,0,0,0,OK,FALSE
behaviorOneModeObjective,behavior xxxxxx total rec. alters,beh. xxxxxx total rec. alters,totRecAlt,FALSE,yyyyyy,,eval,FALSE,FALSE,FALSE,FALSE,FALSE,",",0,0,objective,NA,NA,0,0,0,0,OK,FALSE
behaviorOneModeObjective,behavior xxxxxx average in-alter,beh. xxxxxx av. in-alters,avInAlt,TRUE,yyyyyy,,eval,FALSE,FALSE,FALSE,FALSE,FALSE,",",0,0,objective,NA,NA,0,0,0,0,OK,FALSE
behaviorOneModeObjective,behavior xxxxxx total in-alter,beh. xxxxxx total in-alters,totInAlt,TRUE,yyyyyy,,eval,FALSE,FALSE,FALSE,FALSE,FALSE,",",0,0,objective,NA,NA,0,0,0,0,OK,FALSE
behaviorOneModeObjective,behavior xxxxxx av. alter dist. 2,beh. xxxxxx av. alters dist. 2,avAltDist2,FALSE,yyyyyy,,eval,FALSE,FALSE,FALSE,FALSE,FALSE,",",0,0,objective,NA,NA,0,0,0,0,OK,FALSE
behaviorOneModeObjective,behavior xxxxxx tot. alter dist. 2,beh. xxxxxx tot. alters dist. 2,totAltDist2,FALSE,yyyyyy,,eval,FALSE,FALSE,FALSE,FALSE,FALSE,",",0,0,objective,NA,NA,0,0,0,0,OK,FALSE
behaviorOneModeObjective,behavior xxxxxx av. alter tot. dist. 2,beh. xxxxxx av. alters tot. dist. 2,avTAltDist2,FALSE,yyyyyy,,eval,FALSE,FALSE,FALSE,FALSE,FALSE,",",0,0,objective,NA,NA,0,0,0,0,OK,FALSE
behaviorOneModeObjective,behavior xxxxxx tot. alter av. dist. 2,beh. xxxxxx tot. alters av. dist. 2,totAAltDist2,FALSE,yyyyyy,,eval,FALSE,FALSE,FALSE,FALSE,FALSE,",",0,0,objective,NA,NA,0,0,0,0,OK,FALSE
behaviorOneModeObjective,behavior xxxxxx av. in-alt.dist. 2,beh. xxxxxx av. in-alt. dist. 2,avInAltDist2,FALSE,yyyyyy,,eval,FALSE,FALSE,FALSE,FALSE,FALSE,",",0,0,objective,NA,NA,0,0,0,0,OK,FALSE
behaviorOneModeObjective,behavior xxxxxx tot. in-alt. dist. 2,beh. xxxxxx tot. in-alt. dist. 2,totInAltDist2,FALSE,yyyyyy,,eval,FALSE,FALSE,FALSE,FALSE,FALSE,",",0,0,objective,NA,NA,0,0,0,0,OK,FALSE
behaviorOneModeObjective,behavior xxxxxx av. in-alt. tot. dist. 2,beh. xxxxxx av. in-alt. tot. dist. 2,avTInAltDist2,FALSE,yyyyyy,,eval,FALSE,FALSE,FALSE,FALSE,FALSE,",",0,0,objective,NA,NA,0,0,0,0,OK,FALSE
behaviorOneModeObjective,behavior xxxxxx max. alter,beh. xxxxxx max. alters,maxAlt,TRUE,yyyyyy,,eval,FALSE,FALSE,FALSE,FALSE,FALSE,",",0,0,objective,NA,NA,0,0,0,0,OK,FALSE
behaviorOneModeObjective,behavior xxxxxx min. alter,beh. xxxxxx min. alters,minAlt,TRUE,yyyyyy,,eval,FALSE,FALSE,FALSE,FALSE,FALSE,",",0,0,objective,NA,NA,0,0,0,0,OK,FALSE
behaviorOneModeObjective,behavior xxxxxx tot. in-alt. av. dist. 2,beh. xxxxxx tot. in-alt. av. dist. 2,totAInAltDist2,FALSE,yyyyyy,,eval,FALSE,FALSE,FALSE,FALSE,FALSE,",",0,0,objective,NA,NA,0,0,0,0,OK,FALSE
behaviorOneModeObjective,behavior xxxxxx dense triads,beh. xxxxxx dense triads ,behDenseTriads,FALSE,yyyyyy,,eval,FALSE,FALSE,FALSE,FALSE,FALSE,",",0,5,objective,NA,NA,0,0,0,0,OK,FALSE
behaviorOneModeObjective,behavior xxxxxx similarity in dense triads,beh. xxxxxx homogeneity of dense triads ,simDenseTriads,FALSE,yyyyyy,,eval,FALSE,FALSE,FALSE,FALSE,FALSE,",",0,5,objective,NA,NA,0,0,0,0,OK,FALSE
behaviorOneModeObjective,behavior xxxxxx reciprocated degree,beh. xxxxxx reciprocated degrees,recipDeg,FALSE,yyyyyy,,eval,FALSE,FALSE,FALSE,FALSE,FALSE,",",0,0,objective,NA,NA,0,0,0,0,OK,FALSE
behaviorOneModeObjective,behavior xxxxxx ave. sim. x popularity ego,beh. xxxxxx ave. sim. x indegrees ego,avSimPopEgo,TRUE,yyyyyy,,eval,FALSE,FALSE,FALSE,FALSE,FALSE,",",0,0,objective,NA,NA,0,0,0,0,,FALSE
behaviorSymmetricObjective,behavior xxxxxx average similarity,beh. xxxxxx average similarity,avSim,TRUE,yyyyyy,,eval,FALSE,FALSE,FALSE,FALSE,FALSE,",",0,0,objective,NA,NA,0,0,0,0,,FALSE
behaviorSymmetricObjective,behavior xxxxxx total similarity,beh. xxxxxx total similarity,totSim,TRUE,yyyyyy,,eval,FALSE,FALSE,FALSE,FALSE,FALSE,",",0,0,objective,NA,NA,0,0,0,0,,FALSE
behaviorSymmetricObjective,behavior xxxxxx degree,beh. xxxxxx outdegrees,outdeg,TRUE,yyyyyy,,eval,FALSE,FALSE,FALSE,FALSE,FALSE,",",0,0,objective,NA,NA,0,0,0,0,OK,FALSE
behaviorSymmetricObjective,behavior xxxxxx isolate,beh. xxxxxx isolate,isolate,FALSE,yyyyyy,,eval,FALSE,FALSE,FALSE,FALSE,FALSE,",",0,0,objective,NA,NA,0,0,0,0,OK,FALSE
behaviorSymmetricObjective,behavior xxxxxx ave. sim. x reciprocity,beh. xxxxxx ave. similarity x reciprocity,avSimRecip,FALSE,yyyyyy,,eval,FALSE,FALSE,FALSE,FALSE,FALSE,",",0,0,objective,NA,NA,0,0,0,0,,FALSE
behaviorSymmetricObjective,behavior xxxxxx tot. sim. x reciprocity,beh. xxxxxx tot. similarity x reciprocity,totSimRecip,FALSE,yyyyyy,,eval,FALSE,FALSE,FALSE,FALSE,FALSE,",",0,0,objective,NA,NA,0,0,0,0,,FALSE
behaviorSymmetricObjective,behavior xxxxxx ave. sim. x popularity alter,beh. xxxxxx ave. sim. x indegrees(one-sided),avSimPopAlt,FALSE,yyyyyy,,eval,FALSE,FALSE,FALSE,FALSE,FALSE,",",0,0,objective,NA,NA,0,0,0,0,,FALSE
behaviorSymmetricObjective,behavior xxxxxx tot. sim. x popularity alter,beh. xxxxxx tot. sim. x indegrees(one-sided),totSimPopAlt,FALSE,yyyyyy,,eval,FALSE,FALSE,FALSE,FALSE,FALSE,",",0,0,objective,NA,NA,0,0,0,0,,FALSE
behaviorSymmetricObjective,behavior xxxxxx x popularity alter,beh. xxxxxx x indegrees(one-sided),popAlt,FALSE,yyyyyy,,eval,FALSE,FALSE,FALSE,FALSE,FALSE,",",0,0,objective,NA,NA,0,0,0,0,OK,FALSE
behaviorSymmetricObjective,behavior xxxxxx ave. sim. x rec. x pop. (alter),beh. xxxxxx ave. sim. x rec. x i.d.(one-sided),avSimRecPop,FALSE,yyyyyy,,eval,FALSE,FALSE,FALSE,FALSE,FALSE,",",0,0,objective,NA,NA,0,0,0,0,,FALSE
behaviorSymmetricObjective,behavior xxxxxx tot. sim. x rec. x pop. (alter),beh. xxxxxx tot. sim. x rec. x i.d.(one-sided),totSimRecPop,FALSE,yyyyyy,,eval,FALSE,FALSE,FALSE,FALSE,FALSE,",",0,0,objective,NA,NA,0,0,0,0,,FALSE
behaviorSymmetricObjective,behavior xxxxxx average alter,beh. xxxxxx average alters,avAlt,TRUE,yyyyyy,,eval,FALSE,FALSE,FALSE,FALSE,FALSE,",",0,0,objective,NA,NA,0,0,0,0,OK,FALSE
behaviorSymmetricObjective,behavior xxxxxx average rec. alters,beh. xxxxxx average rec. alters,avRecAlt,FALSE,yyyyyy,,eval,FALSE,FALSE,FALSE,FALSE,FALSE,",",0,0,objective,NA,NA,0,0,0,0,OK,FALSE
behaviorSymmetricObjective,behavior xxxxxx av. alter dist. 2,beh. xxxxxx av. alters dist. 2,avAltDist2,FALSE,yyyyyy,,eval,FALSE,FALSE,FALSE,FALSE,FALSE,",",0,0,objective,NA,NA,0,0,0,0,OK,FALSE
behaviorSymmetricObjective,behavior xxxxxx tot. alter dist. 2,beh. xxxxxx tot. alters dist. 2,totAltDist2,FALSE,yyyyyy,,eval,FALSE,FALSE,FALSE,FALSE,FALSE,",",0,0,objective,NA,NA,0,0,0,0,OK,FALSE
behaviorSymmetricObjective,behavior xxxxxx max. alter,beh. xxxxxx max. alters,maxAlt,TRUE,yyyyyy,,eval,FALSE,FALSE,FALSE,FALSE,FALSE,",",0,0,objective,NA,NA,0,0,0,0,OK,FALSE
behaviorSymmetricObjective,behavior xxxxxx min. alter,beh. xxxxxx min. alters,minAlt,TRUE,yyyyyy,,eval,FALSE,FALSE,FALSE,FALSE,FALSE,",",0,0,objective,NA,NA,0,0,0,0,OK,FALSE
behaviorSymmetricObjective,behavior xxxxxx dense triads,beh. xxxxxx dense triads ,behDenseTriads,FALSE,yyyyyy,,eval,FALSE,FALSE,FALSE,FALSE,FALSE,",",0,5,objective,NA,NA,0,0,0,0,OK,FALSE
behaviorSymmetricObjective,behavior xxxxxx similarity in dense triads,beh. xxxxxx homogeneity of dense triads ,simDenseTriads,FALSE,yyyyyy,,eval,FALSE,FALSE,FALSE,FALSE,FALSE,",",0,5,objective,NA,NA,0,0,0,0,OK,FALSE
behaviorSymmetricObjective,behavior xxxxxx ave. sim. x popularity ego,beh. xxxxxx ave. sim. x indegrees ego,avSimPopEgo,TRUE,yyyyyy,,eval,FALSE,FALSE,FALSE,FALSE,FALSE,",",0,0,objective,NA,NA,0,0,0,0,,FALSE
behaviorBipartiteObjective,behavior xxxxxx outdegree,beh. xxxxxx outdegrees,outdeg,TRUE,yyyyyy,,eval,FALSE,FALSE,FALSE,FALSE,FALSE,",",0,0,objective,NA,NA,0,0,0,0,OK,FALSE
behaviorBipartiteObjective,behavior xxxxxx isolate,beh. xxxxxx isolate,isolate,FALSE,yyyyyy,,eval,FALSE,FALSE,FALSE,FALSE,FALSE,",",0,0,objective,NA,NA,0,0,0,0,OK,FALSE
behaviorBipartiteObjective,behavior xxxxxx x popularity alter,beh. xxxxxx x indegrees(one-sided),popAlt,FALSE,yyyyyy,,eval,FALSE,FALSE,FALSE,FALSE,FALSE,",",0,0,objective,NA,NA,0,0,0,0,OK,FALSE
behaviorBipartiteObjective,behavior xxxxxx av. in-alt.dist. 2,beh. xxxxxx av. in-alt. dist. 2,avInAltDist2,FALSE,yyyyyy,,eval,FALSE,FALSE,FALSE,FALSE,FALSE,",",0,0,objective,NA,NA,0,0,0,0,OK,FALSE
behaviorBipartiteObjective,behavior xxxxxx tot. in-alt.dist. 2,beh. xxxxxx tot. in-alt. dist. 2,totInAltDist2,FALSE,yyyyyy,,eval,FALSE,FALSE,FALSE,FALSE,FALSE,",",0,0,objective,NA,NA,0,0,0,0,OK,FALSE
behaviorBipartiteObjective,behavior xxxxxx av. in-alt. tot. dist. 2,beh. xxxxxx av. in-alt. tot. dist. 2,avTInAltDist2,FALSE,yyyyyy,,eval,FALSE,FALSE,FALSE,FALSE,FALSE,",",0,0,objective,NA,NA,0,0,0,0,OK,FALSE
behaviorBipartiteObjective,behavior xxxxxx tot. in-alt. av. dist. 2,beh. xxxxxx tot. in-alt. av. dist. 2,totAInAltDist2,FALSE,yyyyyy,,eval,FALSE,FALSE,FALSE,FALSE,FALSE,",",0,0,objective,NA,NA,0,0,0,0,OK,FALSE
behaviorObjective,behavior xxxxxx linear shape,beh. xxxxxx cent. sum,linear,TRUE,,,eval,FALSE,FALSE,FALSE,FALSE,FALSE,",",0,0,objective,NA,NA,0,0,0,0,OK,FALSE
behaviorObjective,behavior xxxxxx quadratic shape,beh. xxxxxx sum of cent. squares,quad,TRUE,,,eval,FALSE,FALSE,FALSE,FALSE,FALSE,",",0,0,objective,NA,NA,0,0,0,0,,FALSE
behaviorRate,rate xxxxxx period 1,Amount of behavioral change,Rate,NA,,,rate,FALSE,FALSE,FALSE,FALSE,FALSE,",",0,0,rate,1,NA,0,0,0,0,,FALSE
behaviorRate,rate xxxxxx (period nnnnnn),Amount of behavioral change in period nnnnnn on xxxxxx,Rate,NA,,,rate,FALSE,FALSE,FALSE,FALSE,FALSE,",",0,0,rate,nnnnnn,NA,0,0,0,0,,FALSE
behaviorOneModeRate,outdegree effect on rate xxxxxx,Amount of change on xxxxxx x outdegree,outRate,NA,yyyyyy,,rate,FALSE,FALSE,FALSE,FALSE,FALSE,",",0,0,rate,NA,structural,0,0,0,0,,FALSE
behaviorOneModeRate,indegree effect on rate xxxxxx,Amount of change on xxxxxx x indegree,inRate,NA,yyyyyy,,rate,FALSE,FALSE,FALSE,FALSE,FALSE,",",0,0,rate,NA,structural,0,0,0,0,,FALSE
behaviorOneModeRate,reciprocated effect on rate xxxxxx,Amount of change on xxxxxx x reciprocity,recipRate,NA,yyyyyy,,rate,FALSE,FALSE,FALSE,FALSE,FALSE,",",0,0,rate,NA,structural,0,0,0,0,,FALSE
behaviorOneModeRate,average exposure effect on rate xxxxxx,Amount of change on xxxxxx x average exposure,avExposure,NA,yyyyyy,,rate,FALSE,FALSE,FALSE,FALSE,FALSE,",",0,0,rate,NA,diffusion,0,0,0,0,,FALSE
behaviorOneModeRate,susceptibility to av. exp. by indegree effect on rate xxxxxx,Amount of change on xxxxxx x susceptibility by indegree,susceptAvIn,NA,yyyyyy,,rate,FALSE,FALSE,FALSE,FALSE,FALSE,",",0,0,rate,NA,diffusion,0,0,0,0,,FALSE
behaviorOneModeRate,total exposure effect on rate xxxxxx,Amount of change on xxxxxx x total exposure,totExposure,NA,yyyyyy,,rate,FALSE,FALSE,FALSE,FALSE,FALSE,",",0,0,rate,NA,diffusion,0,0,0,0,,FALSE
behaviorOneModeRate,infection by indegree effect on rate xxxxxx,Amount of change on xxxxxx x infection by indegree,infectIn,NA,yyyyyy,,rate,FALSE,FALSE,FALSE,FALSE,FALSE,",",0,0,rate,NA,diffusion,0,0,0,0,,FALSE
behaviorOneModeRate,infection by outdegree effect on rate xxxxxx,Amount of change on xxxxxx x infection by outdegree,infectOut,NA,yyyyyy,,rate,FALSE,FALSE,FALSE,FALSE,FALSE,",",0,0,rate,NA,diffusion,0,0,0,0,,FALSE
behaviorSymmetricRate,degree effect on rate xxxxxx,Amount of change on xxxxxx x degree,outRate,NA,yyyyyy,,rate,FALSE,FALSE,FALSE,FALSE,FALSE,",",0,0,rate,NA,structural,0,0,0,0,,FALSE
covarBehaviorOneModeRate,susceptibility to av. exp. by zzzzzz effect on rate xxxxxx,Amount of change on xxxxxx x susceptibility by zzzzzz,susceptAvCovar,NA,yyyyyy,zzzzzz,rate,FALSE,FALSE,FALSE,FALSE,FALSE,",",0,0,rate,NA,diffusion,0,0,0,0,,FALSE
covarBehaviorOneModeRate,infection by zzzzzz effect on rate xxxxxx,Amount of change on xxxxxx x infection by zzzzzz,infectCovar,NA,yyyyyy,zzzzzz,rate,FALSE,FALSE,FALSE,FALSE,FALSE,",",0,0,rate,NA,diffusion,0,0,0,0,,FALSE
behaviorBipartiteRate,outdegree effect on rate xxxxxx,Amount of change on xxxxxx x outdegree,outRate,NA,yyyyyy,,rate,FALSE,FALSE,FALSE,FALSE,FALSE,",",0,0,rate,NA,structural,0,0,0,0,,FALSE
behaviorBipartiteRate,reciprocated effect on rate xxxxxx,Amount of change on xxxxxx x reciprocity,recipRate,NA,yyyyyy,,rate,FALSE,FALSE,FALSE,FALSE,FALSE,",",0,0,rate,NA,structural,0,0,0,0,,FALSE
nonSymmetricRate,basic rate parameter xxxxxx,Amount of network change,Rate,NA,,,rate,FALSE,FALSE,FALSE,FALSE,FALSE,",",0,0,rate,1,NA,0,0,0,0,,TRUE
nonSymmetricRate,constant xxxxxx rate (period nnnnnn),Amount of network change in period nnnnnn,Rate,NA,,,rate,FALSE,FALSE,FALSE,FALSE,FALSE,",",0,0,rate,nnnnnn,NA,0,0,0,0,,TRUE
nonSymmetricRate,outdegree effect on rate xxxxxx,Amount of change x outdegrees,outRate,NA,,,rate,FALSE,FALSE,FALSE,FALSE,FALSE,",",0,0,rate,NA,structural,0,0,0,0,,TRUE
nonSymmetricRate,indegree effect on rate xxxxxx,Amount of change x indegrees,inRate,NA,,,rate,FALSE,FALSE,FALSE,FALSE,FALSE,",",0,0,rate,NA,structural,0,0,0,0,,TRUE
nonSymmetricRate,reciprocity effect on rate xxxxxx,Amount of change x reciprocity,recipRate,NA,,,rate,FALSE,FALSE,FALSE,FALSE,FALSE,",",0,0,rate,NA,structural,0,0,0,0,,TRUE
nonSymmetricRate,effect 1/outdegree on rate xxxxxx,Amount of change x (1/outdegrees),outRateInv,NA,,,rate,FALSE,FALSE,FALSE,FALSE,FALSE,",",0,0,rate,NA,structural,0,0,0,0,,TRUE
nonSymmetricRate,effect ln(outdegree+1) on rate xxxxxx,Amount of change x ln(outdegrees+1),outRateLog,NA,,,rate,FALSE,FALSE,FALSE,FALSE,FALSE,",",0,1,rate,NA,structural,0,0,0,0,,TRUE
bipartiteRate,basic rate parameter xxxxxx,Amount of network change,Rate,NA,,,rate,FALSE,FALSE,FALSE,FALSE,FALSE,",",0,0,rate,1,NA,0,0,0,0,,FALSE
bipartiteRate,constant xxxxxx rate (period nnnnnn),Amount of network change in period nnnnnn,Rate,NA,,,rate,FALSE,FALSE,FALSE,FALSE,FALSE,",",0,0,rate,nnnnnn,NA,0,0,0,0,,FALSE
bipartiteRate,outdegree effect on rate xxxxxx,Amount of change x outdegrees,outRate,NA,,,rate,FALSE,FALSE,FALSE,FALSE,FALSE,",",0,0,rate,NA,structural,0,0,0,0,,FALSE
bipartiteRate,effect 1/outdegree on rate xxxxxx,Amount of change x (1/outdegrees),outRateInv,NA,,,rate,FALSE,FALSE,FALSE,FALSE,FALSE,",",0,0,rate,NA,structural,0,0,0,0,,FALSE
bipartiteRate,effect ln(outdegree+1) on rate xxxxxx,Amount of change x ln(outdegrees+1),outRateLog,NA,,,rate,FALSE,FALSE,FALSE,FALSE,FALSE,",",0,1,rate,NA,structural,0,0,0,0,,FALSE
symmetricRate,basic rate parameter xxxxxx,Amount of network change,Rate,NA,,,rate,FALSE,FALSE,FALSE,FALSE,FALSE,",",0,0,rate,1,NA,0,0,0,0,,FALSE
symmetricRate,constant xxxxxx rate (period nnnnnn),Amount of network change in period nnnnnn,Rate,NA,,,rate,FALSE,FALSE,FALSE,FALSE,FALSE,",",0,0,rate,nnnnnn,NA,0,0,0,0,,FALSE
symmetricRate,degree effect on rate xxxxxx,Amount of change x outdegrees,outRate,NA,,,rate,FALSE,FALSE,FALSE,FALSE,FALSE,",",0,0,rate,NA,structural,0,0,0,0,,FALSE
symmetricRate,effect 1/degree on rate xxxxxx,Amount of change x (1/outdegrees),outRateInv,NA,,,rate,FALSE,FALSE,FALSE,FALSE,FALSE,",",0,0,rate,NA,structural,0,0,0,0,,FALSE
symmetricRate,effect ln(degree+1) on rate xxxxxx,Amount of change x ln(outdegrees+1),outRateLog,NA,,,rate,FALSE,FALSE,FALSE,FALSE,FALSE,",",0,1,rate,NA,structural,0,0,0,0,,FALSE
dyadObjective,xxxxxx,Sum of ties x xxxxxx,X,TRUE,xxxxxx,,eval,FALSE,FALSE,FALSE,FALSE,FALSE,",",0,0,objective,NA,NA,0,0,0,0,dyadic,FALSE
dyadObjective,xxxxxx x reciprocity,Sum reciprocated  ties x xxxxxx,XRecip,TRUE,xxxxxx,,eval,FALSE,FALSE,FALSE,FALSE,FALSE,",",0,0,objective,NA,NA,0,0,0,0,dyadic,FALSE
dyadObjective,WW=>X closure of xxxxxx,WW=>X closure of xxxxxx,WWX,TRUE,xxxxxx,,eval,FALSE,FALSE,FALSE,FALSE,FALSE,",",0,0,objective,NA,NA,0,0,0,0,dyadic,FALSE
dyadObjective,WW=>X cyclic closure of xxxxxx,WW=>X cyclic closure of xxxxxx,cyWWX,TRUE,xxxxxx,,eval,FALSE,FALSE,FALSE,FALSE,FALSE,",",0,0,objective,NA,NA,0,0,0,0,dyadic,FALSE
dyadObjective,WW=>X shared incoming xxxxxx,WW=>X incoming shared xxxxxx,InWWX,TRUE,xxxxxx,,eval,FALSE,FALSE,FALSE,FALSE,FALSE,",",0,0,objective,NA,NA,0,0,0,0,dyadic,FALSE
dyadObjective,WW=>X shared outgoing xxxxxx,WW=>X outgoing shared xxxxxx,OutWWX,TRUE,xxxxxx,,eval,FALSE,FALSE,FALSE,FALSE,FALSE,",",0,0,objective,NA,NA,0,0,0,0,dyadic,FALSE
dyadObjective,WX=>X closure of xxxxxx,WX=>X closure of xxxxxx,WXX,TRUE,xxxxxx,,eval,FALSE,FALSE,FALSE,FALSE,FALSE,",",0,0,objective,NA,NA,0,0,0,0,dyadic,FALSE
dyadObjective,XW=>X closure of xxxxxx,XW=>X closure of xxxxxx,XWX,TRUE,xxxxxx,,eval,FALSE,FALSE,FALSE,FALSE,FALSE,",",0,0,objective,NA,NA,0,0,0,0,,FALSE
dyadObjective,XW=>X closure of xxxxxx,XW=>X closure1 of xxxxxx,XWX1,FALSE,xxxxxx,,eval,FALSE,FALSE,FALSE,FALSE,FALSE,",",0,0,objective,NA,NA,0,0,0,0,,FALSE
dyadObjective,XW=>X closure of xxxxxx,XW=>X closure2 of xxxxxx,XWX2,FALSE,xxxxxx,,eval,FALSE,FALSE,FALSE,FALSE,FALSE,",",0,0,objective,NA,NA,0,0,0,0,,FALSE
dyadBipartiteObjective,xxxxxx,Sum of ties x xxxxxx,X,TRUE,xxxxxx,,eval,FALSE,FALSE,FALSE,FALSE,FALSE,",",0,0,objective,NA,NA,0,0,0,0,dyadic,FALSE
covarBehaviorObjective,beh. xxxxxx: effect from yyyyyy,beh. xxxxxx x yyyyyy,effFrom,TRUE,yyyyyy,,eval,FALSE,FALSE,FALSE,FALSE,FALSE,",",0,0,objective,NA,NA,0,0,0,0,OK,FALSE
covarBehaviorNetObjective,beh. xxxxxx: tot. sim. (zzzzzz) x alter's yyyyyy,beh. xxxxxx tot. sim. (zzzzzz) x alter's yyyyyy,totSimAltX,TRUE,yyyyyy,zzzzzz,eval,FALSE,FALSE,FALSE,FALSE,FALSE,",",0,0,objective,NA,NA,0,0,0,0,OK,FALSE
covarBehaviorNetObjective,beh. xxxxxx: av. sim. (zzzzzz) x alter's yyyyyy,beh. xxxxxx av. sim. (zzzzzz) x alter's yyyyyy,avSimAltX,TRUE,yyyyyy,zzzzzz,eval,FALSE,FALSE,FALSE,FALSE,FALSE,",",0,0,objective,NA,NA,0,0,0,0,OK,FALSE
covarBehaviorNetObjective,beh. xxxxxx: av. alters (zzzzzz) x alter's yyyyyy,beh. xxxxxx av. alters (zzzzzz) x alter's yyyyyy,avAltAltX,TRUE,yyyyyy,zzzzzz,eval,FALSE,FALSE,FALSE,FALSE,FALSE,",",0,0,objective,NA,NA,0,0,0,0,OK,FALSE
covarBehaviorNetObjective,beh. xxxxxx: alter's (zzzzzz) yyyyyy average,beh. xxxxxx alter's (zzzzzz) yyyyyy average,avXAlt,TRUE,yyyyyy,zzzzzz,eval,FALSE,FALSE,FALSE,FALSE,FALSE,",",0,0,objective,NA,NA,0,0,0,0,OK,FALSE
covarBehaviorNetObjective,beh. xxxxxx: alter's (zzzzzz) yyyyyy total,beh. xxxxxx alter's (zzzzzz) yyyyyy total,totXAlt,TRUE,yyyyyy,zzzzzz,eval,FALSE,FALSE,FALSE,FALSE,FALSE,",",0,0,objective,NA,NA,0,0,0,0,OK,FALSE
covarBehaviorNetObjective,beh. xxxxxx: in-alter's (zzzzzz) yyyyyy aver.,beh. xxxxxx in-alter's (zzzzzz) yyyyyy aver.,avXInAlt,TRUE,yyyyyy,zzzzzz,eval,FALSE,FALSE,FALSE,FALSE,FALSE,",",0,0,objective,NA,NA,0,0,0,0,OK,FALSE
covarBehaviorNetObjective,beh. xxxxxx: in-alter's (zzzzzz) yyyyyy total,beh. xxxxxx in-alter's (zzzzzz) yyyyyy total,totXInAlt,TRUE,yyyyyy,zzzzzz,eval,FALSE,FALSE,FALSE,FALSE,FALSE,",",0,0,objective,NA,NA,0,0,0,0,OK,FALSE
covarBehaviorNetObjective,beh. xxxxxx: dist. 2 alter's (zzzzzz) yyyyyy av.,beh. xxxxxx dist. 2 alter's (zzzzzz) yyyyyy av.,avXAltDist2,FALSE,yyyyyy,zzzzzz,eval,FALSE,FALSE,FALSE,FALSE,FALSE,",",0,0,objective,NA,NA,0,0,0,0,OK,FALSE
covarBehaviorNetObjective,beh. xxxxxx: dist. 2 alter's (zzzzzz) yyyyyy tot.,beh. xxxxxx dist. 2 alter's (zzzzzz) yyyyyy tot.,totXAltDist2,FALSE,yyyyyy,zzzzzz,eval,FALSE,FALSE,FALSE,FALSE,FALSE,",",0,0,objective,NA,NA,0,0,0,0,OK,FALSE
covarBehaviorNetObjective,beh. xxxxxx: dist. 2 av. alter's (zzzzzz) yyyyyy tot.,beh. xxxxxx av. dist. 2 alter's (zzzzzz) yyyyyy tot.,avTXAltDist2,FALSE,yyyyyy,zzzzzz,eval,FALSE,FALSE,FALSE,FALSE,FALSE,",",0,0,objective,NA,NA,0,0,0,0,OK,FALSE
covarBehaviorNetObjective,beh. xxxxxx: dist. 2 tot. alter's (zzzzzz) yyyyyy av.,beh. xxxxxx tot. dist. 2 alter's (zzzzzz) yyyyyy av.,totAXAltDist2,FALSE,yyyyyy,zzzzzz,eval,FALSE,FALSE,FALSE,FALSE,FALSE,",",0,0,objective,NA,NA,0,0,0,0,OK,FALSE
covarBehaviorNetObjective,beh. xxxxxx: alts (zzzzzz) dist-2 incom. yyyyyy av.,beh. xxxxxx: incom.av. yyyyyy (zzzzzz)alt. dist. 2,avXInAltDist2,FALSE,yyyyyy,zzzzzz,eval,FALSE,FALSE,FALSE,FALSE,FALSE,",",0,0,objective,NA,NA,0,0,0,0,OK,FALSE
covarBehaviorNetObjective,beh. xxxxxx: alts (zzzzzz) dist-2 incom. yyyyyy tot.,beh. xxxxxx: incom.tot. yyyyyy (zzzzzz)alt. dist. 2,totXInAltDist2,FALSE,yyyyyy,zzzzzz,eval,FALSE,FALSE,FALSE,FALSE,FALSE,",",0,0,objective,NA,NA,0,0,0,0,OK,FALSE
covarBehaviorNetObjective,beh. xxxxxx: av. tot. incoming yyyyyy alts (zzzzzz) dist-2,beh. xxxxxx: incom.av. (zzzzzz)alt. yyyyyy tot. dist. 2,avTXInAltDist2,FALSE,yyyyyy,zzzzzz,eval,FALSE,FALSE,FALSE,FALSE,FALSE,",",0,0,objective,NA,NA,0,0,0,0,OK,FALSE
covarBehaviorNetObjective,beh. xxxxxx: tot. av. incoming yyyyyy alts (zzzzzz) dist-2,beh. xxxxxx: incom.tot. (zzzzzz)alt. yyyyyy av. dist. 2,totAXInAltDist2,FALSE,yyyyyy,zzzzzz,eval,FALSE,FALSE,FALSE,FALSE,FALSE,",",0,0,objective,NA,NA,0,0,0,0,OK,FALSE
covarABehaviorBipartiteObjective,beh. xxxxxx: alts (zzzzzz) dist-2 incom. yyyyyy av.,beh. xxxxxx: incom.av. yyyyyy (zzzzzz)alt. dist. 2,avXInAltDist2,FALSE,yyyyyy,zzzzzz,eval,FALSE,FALSE,FALSE,FALSE,FALSE,",",0,0,objective,NA,NA,0,0,0,0,OK,FALSE
covarABehaviorBipartiteObjective,beh. xxxxxx: alts (zzzzzz) dist-2 incom. yyyyyy tot.,beh. xxxxxx: incom.tot. yyyyyy (zzzzzz)alt. dist. 2,totXInAltDist2,FALSE,yyyyyy,zzzzzz,eval,FALSE,FALSE,FALSE,FALSE,FALSE,",",0,0,objective,NA,NA,0,0,0,0,OK,FALSE
covarABehaviorBipartiteObjective,beh. xxxxxx: av. tot. incoming yyyyyy alts (zzzzzz) dist-2,beh. xxxxxx: incom.av. (zzzzzz)alt. yyyyyy tot. dist. 2,avTXInAltDist2,FALSE,yyyyyy,zzzzzz,eval,FALSE,FALSE,FALSE,FALSE,FALSE,",",0,0,objective,NA,NA,0,0,0,0,OK,FALSE
covarABehaviorBipartiteObjective,beh. xxxxxx: tot. av. incoming yyyyyy alts (zzzzzz) dist-2,beh. xxxxxx: incom.tot. (zzzzzz)alt. yyyyyy av. dist. 2,totAXInAltDist2,FALSE,yyyyyy,zzzzzz,eval,FALSE,FALSE,FALSE,FALSE,FALSE,",",0,0,objective,NA,NA,0,0,0,0,OK,FALSE
covarBBehaviorBipartiteObjective,beh. xxxxxx: alter's (zzzzzz) yyyyyy average,beh. xxxxxx alter's (zzzzzz) yyyyyy aver.,avXAlt,TRUE,yyyyyy,zzzzzz,eval,FALSE,FALSE,FALSE,FALSE,FALSE,",",0,0,objective,NA,NA,0,0,0,0,OK,FALSE
covarBBehaviorBipartiteObjective,beh. xxxxxx: alter's (zzzzzz) yyyyyy total,beh. xxxxxx alter's (zzzzzz) yyyyyy total,totXAlt,TRUE,yyyyyy,zzzzzz,eval,FALSE,FALSE,FALSE,FALSE,FALSE,",",0,0,objective,NA,NA,0,0,0,0,OK,FALSE
covarSymmetricObjective,xxxxxx,Sum of degrees x xxxxxx,altX,TRUE,xxxxxx,,eval,FALSE,FALSE,FALSE,FALSE,FALSE,",",0,0,objective,NA,NA,0,0,0,0,dyadic,FALSE
covarSymmetricObjective,xxxxxx squared,Sum of degrees x squared xxxxxx,altSqX,TRUE,xxxxxx,,eval,FALSE,FALSE,FALSE,FALSE,FALSE,",",0,0,objective,NA,NA,0,0,0,0,dyadic,FALSE
covarSymmetricObjective,xxxxxx,Sum of degrees x xxxxxx,egoX,TRUE,xxxxxx,,eval,FALSE,FALSE,FALSE,FALSE,FALSE,",",0,0,objective,NA,NA,0,0,0,0,dyadic,FALSE
covarSymmetricObjective,xxxxxx similarity,xxxxxx similarity,simX,TRUE,xxxxxx,,eval,FALSE,FALSE,FALSE,FALSE,FALSE,",",0,0,objective,NA,NA,0,0,0,0,dyadic,FALSE
covarSymmetricObjective,same xxxxxx,same xxxxxx,sameX,TRUE,xxxxxx,,eval,FALSE,FALSE,FALSE,FALSE,FALSE,",",0,0,objective,NA,NA,0,0,0,0,dyadic,FALSE
covarSymmetricObjective,ind. pop. from dif. xxxxxx,indegree pop. from dif. values on xxxxxx,diffXInPop,TRUE,xxxxxx,,eval,FALSE,FALSE,FALSE,FALSE,FALSE,",",0,0,objective,NA,NA,0,0,0,0,dyadic,FALSE
covarSymmetricObjective,outd. act. to same xxxxxx,sum sqr. outd. to same values on xxxxxx,sameXOutAct,TRUE,xxxxxx,,eval,FALSE,FALSE,FALSE,FALSE,FALSE,",",0,0,objective,NA,NA,0,0,0,0,dyadic,FALSE
covarSymmetricObjective,outd. act. to dif. xxxxxx,sum sqr. outd. to dif. values on xxxxxx,diffXOutAct,TRUE,xxxxxx,,eval,FALSE,FALSE,FALSE,FALSE,FALSE,",",0,0,objective,NA,NA,0,0,0,0,dyadic,FALSE
covarSymmetricObjective,transitive triads same xxxxxx,Number of transitive triads same on xxxxxx,sameXTransTrip,TRUE,xxxxxx,,eval,FALSE,FALSE,FALSE,FALSE,FALSE,",",0,0,objective,NA,NA,0,0,0,0,,FALSE
covarSymmetricObjective,transitive triplets homog. xxxxxx,Number of transitive triplets homogeneous on xxxxxx,homXTransTrip,TRUE,xxxxxx,,eval,FALSE,FALSE,FALSE,FALSE,FALSE,",",0,0,objective,NA,NA,0,0,0,0,,FALSE
covarSymmetricObjective,transitive triads jumping xxxxxx,Number of transitive triads jumping xxxxxx,jumpXTransTrip,TRUE,xxxxxx,,eval,FALSE,FALSE,FALSE,FALSE,FALSE,",",0,0,objective,NA,NA,0,0,0,0,,FALSE
covarSymmetricObjective,xxxxxx ego x xxxxxx alter,xxxxxx ego x xxxxxx alter,egoXaltX,TRUE,xxxxxx,,eval,FALSE,FALSE,FALSE,FALSE,FALSE,",",0,0,objective,NA,NA,0,0,0,0,dyadic,FALSE
covarSymmetricObjective,xxxxxx of indirect ties,xxxxxx of indirect ties,IndTies,FALSE,xxxxxx,,eval,FALSE,FALSE,FALSE,FALSE,FALSE,",",0,0,objective,NA,NA,0,0,0,0,dyadic,FALSE
covarSymmetricObjective,xxxxxx alter at dist 2 (#),xxxxxx alter at dist 2 (#),altDist2,TRUE,xxxxxx,,eval,FALSE,FALSE,FALSE,FALSE,FALSE,",",0,1,objective,NA,NA,0,0,0,0,dyadic,FALSE
covarSymmetricObjective,xxxxxx tot alter at dist 2 (#),xxxxxx tot alter at dist 2 (#),totDist2,TRUE,xxxxxx,,eval,FALSE,FALSE,FALSE,FALSE,FALSE,",",0,1,objective,NA,NA,0,0,0,0,dyadic,FALSE
covarSymmetricObjective,xxxxxx ego-alter dist 2 similarity,xxxxxx ego-alter dist 2 similarity,simEgoDist2,TRUE,xxxxxx,,eval,FALSE,FALSE,FALSE,FALSE,FALSE,",",0,1,objective,NA,NA,0,0,0,0,dyadic,FALSE
covarSymmetricObjective,xxxxxx similarity at dist 2,xxxxxx similarity at dist 2,simDist2,TRUE,xxxxxx,,eval,FALSE,FALSE,FALSE,FALSE,FALSE,",",0,1,objective,NA,NA,0,0,0,0,dyadic,FALSE
covarSymmetricObjective,xxxxxx in-alter dist 2 (#),xxxxxx in-alter dist 2,altInDist2,TRUE,xxxxxx,,eval,FALSE,FALSE,FALSE,FALSE,FALSE,",",0,0,objective,NA,NA,0,0,0,0,dyadic,FALSE
covarSymmetricObjective,xxxxxx tot in-alter dist 2 (#),xxxxxx tot in-alter dist 2 (#),totInDist2,TRUE,xxxxxx,,eval,FALSE,FALSE,FALSE,FALSE,FALSE,",",0,0,objective,NA,NA,0,0,0,0,dyadic,FALSE
covarSymmetricObjective,xxxxxx ego-in-alter dist 2 similarity,xxxxxx ego-in-alter dist 2 similarity,simEgoInDist2,TRUE,xxxxxx,,eval,FALSE,FALSE,FALSE,FALSE,FALSE,",",0,1,objective,NA,NA,0,0,0,0,dyadic,FALSE
covarBipartiteObjective,xxxxxx alter,Sum of indegrees x xxxxxx,altX,TRUE,xxxxxx,,eval,FALSE,FALSE,FALSE,FALSE,FALSE,",",0,0,objective,NA,NA,0,0,0,0,dyadic,FALSE
covarBipartiteObjective,xxxxxx squared alter,Sum of indegrees x squared xxxxxx,altSqX,TRUE,xxxxxx,,eval,FALSE,FALSE,FALSE,FALSE,FALSE,",",0,0,objective,NA,NA,0,0,0,0,dyadic,FALSE
covarBipartiteObjective,xxxxxx ego,Sum of outdegrees x xxxxxx,egoX,TRUE,xxxxxx,,eval,FALSE,FALSE,FALSE,FALSE,FALSE,",",0,0,objective,NA,NA,0,0,0,0,ego,FALSE
covarBipartiteObjective,xxxxxx in-alter dist 2 (#),xxxxxx in-alter dist 2,altInDist2,TRUE,xxxxxx,,eval,FALSE,FALSE,FALSE,FALSE,FALSE,",",0,0,objective,NA,NA,0,0,0,0,dyadic,FALSE
covarBipartiteObjective,xxxxxx tot in-alter dist 2 (#),xxxxxx tot in-alter dist 2 (#),totInDist2,TRUE,xxxxxx,,eval,FALSE,FALSE,FALSE,FALSE,FALSE,",",0,0,objective,NA,NA,0,0,0,0,dyadic,FALSE
covarBipartiteObjective,xxxxxx ego-in-alter dist 2 similarity,xxxxxx ego-in-alter dist 2 similarity,simEgoInDist2,TRUE,xxxxxx,,eval,FALSE,FALSE,FALSE,FALSE,FALSE,",",0,1,objective,NA,NA,0,0,0,0,dyadic,FALSE
covarNonSymmetricObjective,xxxxxx alter,Sum of indegrees x xxxxxx,altX,TRUE,xxxxxx,,eval,FALSE,FALSE,FALSE,FALSE,FALSE,",",0,0,objective,NA,NA,0,0,0,0,dyadic,FALSE
covarNonSymmetricObjective,xxxxxx squared alter,Sum of indegrees x squared xxxxxx,altSqX,TRUE,xxxxxx,,eval,FALSE,FALSE,FALSE,FALSE,FALSE,",",0,0,objective,NA,NA,0,0,0,0,dyadic,FALSE
covarNonSymmetricObjective,xxxxxx ego,Sum of outdegrees x xxxxxx,egoX,TRUE,xxxxxx,,eval,FALSE,FALSE,FALSE,FALSE,FALSE,",",0,0,objective,NA,NA,0,0,0,0,ego,FALSE
covarNonSymmetricObjective,xxxxxx similarity,Similarity on xxxxxx,simX,TRUE,xxxxxx,,eval,FALSE,FALSE,FALSE,FALSE,FALSE,",",0,0,objective,NA,NA,0,0,0,0,dyadic,FALSE
covarNonSymmetricObjective,xxxxxx similarity x reciprocity,Similarity x reciprocity on xxxxxx,simRecipX,TRUE,xxxxxx,,eval,FALSE,FALSE,FALSE,FALSE,FALSE,",",0,0,objective,NA,NA,0,0,0,0,dyadic,FALSE
covarNonSymmetricObjective,transitive triplets xxxxxx similarity,Number of trans trip similar on xxxxxx,simXTransTrip,TRUE,xxxxxx,,eval,FALSE,FALSE,FALSE,FALSE,FALSE,",",0,0,objective,NA,NA,0,0,0,0,dyadic,FALSE
covarNonSymmetricObjective,same xxxxxx,Same values on xxxxxx,sameX,TRUE,xxxxxx,,eval,FALSE,FALSE,FALSE,FALSE,FALSE,",",0,0,objective,NA,NA,0,0,0,0,dyadic,FALSE
covarNonSymmetricObjective,same xxxxxx x reciprocity,Same values on xxxxxx x reciprocity,sameXRecip,TRUE,xxxxxx,,eval,FALSE,FALSE,FALSE,FALSE,FALSE,",",0,0,objective,NA,NA,0,0,0,0,dyadic,FALSE
covarNonSymmetricObjective,ind. pop. from same xxxxxx,indegree pop. from same values on xxxxxx,sameXInPop,TRUE,xxxxxx,,eval,FALSE,FALSE,FALSE,FALSE,FALSE,",",0,0,objective,NA,NA,0,0,0,0,dyadic,FALSE
covarNonSymmetricObjective,ind. pop. from dif. xxxxxx,indegree pop. from dif. values on xxxxxx,diffXInPop,TRUE,xxxxxx,,eval,FALSE,FALSE,FALSE,FALSE,FALSE,",",0,0,objective,NA,NA,0,0,0,0,dyadic,FALSE
covarNonSymmetricObjective,outd. act. to same xxxxxx,sum sqr. outd. to same values on xxxxxx,sameXOutAct,TRUE,xxxxxx,,eval,FALSE,FALSE,FALSE,FALSE,FALSE,",",0,0,objective,NA,NA,0,0,0,0,dyadic,FALSE
covarNonSymmetricObjective,outd. act. to dif. xxxxxx,sum sqr. outd. to dif. values on xxxxxx,diffXOutAct,TRUE,xxxxxx,,eval,FALSE,FALSE,FALSE,FALSE,FALSE,",",0,0,objective,NA,NA,0,0,0,0,dyadic,FALSE
covarNonSymmetricObjective,transitive triplets same xxxxxx,Number of transitive triplets same on xxxxxx,sameXTransTrip,TRUE,xxxxxx,,eval,FALSE,FALSE,FALSE,FALSE,FALSE,",",0,0,objective,NA,NA,0,0,0,0,,FALSE
covarNonSymmetricObjective,transitive triplets homog. xxxxxx,Number of transitive triplets homogeneous on xxxxxx,homXTransTrip,TRUE,xxxxxx,,eval,FALSE,FALSE,FALSE,FALSE,FALSE,",",0,0,objective,NA,NA,0,0,0,0,,FALSE
covarNonSymmetricObjective,transitive triplets jumping xxxxxx,Number of transitive triplets jumping xxxxxx,jumpXTransTrip,TRUE,xxxxxx,,eval,FALSE,FALSE,FALSE,FALSE,FALSE,",",0,0,objective,NA,NA,0,0,0,0,,FALSE
covarNonSymmetricObjective,xxxxxx ego x xxxxxx alter,Sum xxxxxx ego x xxxxxx alter,egoXaltX,TRUE,xxxxxx,,eval,FALSE,FALSE,FALSE,FALSE,FALSE,",",0,0,objective,NA,NA,0,0,0,0,dyadic,FALSE
covarNonSymmetricObjective,xxxxxx ego x xxxxxx alter x recipr.,Sum xxxxxx ego x xxxxxx rec.alter,egoXaltXRecip,TRUE,xxxxxx,,eval,FALSE,FALSE,FALSE,FALSE,FALSE,",",0,0,objective,NA,NA,0,0,0,0,dyadic,FALSE
covarNonSymmetricObjective,higher xxxxxx,ego > alter for xxxxxx,higher,TRUE,xxxxxx,,eval,FALSE,FALSE,FALSE,FALSE,FALSE,",",0,0,objective,NA,NA,0,0,0,0,dyadic,FALSE
covarNonSymmetricObjective,xxxxxx of indirect ties,Sum xxxxxx of indirect ties,IndTies,FALSE,xxxxxx,,eval,FALSE,FALSE,FALSE,FALSE,FALSE,",",0,0,objective,NA,NA,0,0,0,0,dyadic,FALSE
covarNonSymmetricObjective,xxxxxx alter at dist 2 (#),xxxxxx alter at dist 2 (#),altDist2,TRUE,xxxxxx,,eval,FALSE,FALSE,FALSE,FALSE,FALSE,",",0,1,objective,NA,NA,0,0,0,0,dyadic,FALSE
covarNonSymmetricObjective,xxxxxx tot alter at dist 2 (#),xxxxxx tot alter at dist 2 (#),totDist2,TRUE,xxxxxx,,eval,FALSE,FALSE,FALSE,FALSE,FALSE,",",0,1,objective,NA,NA,0,0,0,0,dyadic,FALSE
covarNonSymmetricObjective,xxxxxx similarity at dist 2,xxxxxx similarity at dist 2,simDist2,TRUE,xxxxxx,,eval,FALSE,FALSE,FALSE,FALSE,FALSE,",",0,1,objective,NA,NA,0,0,0,0,dyadic,FALSE
covarNonSymmetricObjective,xxxxxx ego-alter dist 2 similarity,xxxxxx ego-alter dist 2 similarity,simEgoDist2,TRUE,xxxxxx,,eval,FALSE,FALSE,FALSE,FALSE,FALSE,",",0,1,objective,NA,NA,0,0,0,0,dyadic,FALSE
covarNonSymmetricObjective,xxxxxx in-alter dist 2 (#),xxxxxx in-alter dist 2,altInDist2,TRUE,xxxxxx,,eval,FALSE,FALSE,FALSE,FALSE,FALSE,",",0,0,objective,NA,NA,0,0,0,0,dyadic,FALSE
covarNonSymmetricObjective,xxxxxx tot in-alter dist 2 (#),xxxxxx tot in-alter dist 2 (#),totInDist2,TRUE,xxxxxx,,eval,FALSE,FALSE,FALSE,FALSE,FALSE,",",0,0,objective,NA,NA,0,0,0,0,dyadic,FALSE
covarNonSymmetricObjective,xxxxxx ego-in-alter dist 2 similarity,xxxxxx ego-in-alter dist 2 similarity,simEgoInDist2,TRUE,xxxxxx,,eval,FALSE,FALSE,FALSE,FALSE,FALSE,",",0,1,objective,NA,NA,0,0,0,0,dyadic,FALSE
covarBehaviorNetObjective,behavior xxxxxx: av. sim. (zzzzzz) x ego's yyyyyy,beh. xxxxxx av. sim. (zzzzzz) x ego's yyyyyy,avSimEgoX,TRUE,yyyyyy,zzzzzz,eval,FALSE,FALSE,FALSE,FALSE,FALSE,",",0,0,objective,NA,NA,0,0,0,0,,FALSE
covarBehaviorNetObjective,behavior xxxxxx: tot. sim. (zzzzzz) x ego's yyyyyy,beh. xxxxxx tot. sim. (zzzzzz) x ego's yyyyyy,totSimEgoX,TRUE,yyyyyy,zzzzzz,eval,FALSE,FALSE,FALSE,FALSE,FALSE,",",0,0,objective,NA,NA,0,0,0,0,,FALSE
covarBehaviorNetObjective,behavior xxxxxx: av. alters (zzzzzz) x ego's yyyyyy,beh. xxxxxx av. alters (zzzzzz) x ego's yyyyyy ,avAltEgoX,TRUE,yyyyyy,zzzzzz,eval,FALSE,FALSE,FALSE,FALSE,FALSE,",",0,0,objective,NA,NA,0,0,0,0,,FALSE
covarBehaviorRate,effect yyyyyy on rate xxxxxx,Amount of change on xxxxxx x yyyyyy,RateX,NA,yyyyyy,,rate,FALSE,FALSE,FALSE,FALSE,FALSE,",",0,0,rate,NA,covariate,0,0,0,0,,FALSE
bipartiteObjective,outdegree (density),Number of ties,density,TRUE,,,eval,FALSE,FALSE,FALSE,FALSE,FALSE,",",0,0,objective,NA,NA,0,0,0,0,dyadic,FALSE
bipartiteObjective,4-cycles,(Number 4-cycles)^1/#),cycle4,TRUE,,,eval,FALSE,FALSE,FALSE,FALSE,FALSE,",",0,1,objective,NA,NA,0,0,0,0,,FALSE
bipartiteObjective,indegree - popularity,Sum of squared indegrees,inPop,TRUE,,,eval,FALSE,FALSE,FALSE,FALSE,FALSE,",",0,0,objective,NA,NA,0,0,0,0,dyadic,FALSE
bipartiteObjective,indegree - popularity (sqrt),Sum of indegrees x sqrt(indegree),inPopSqrt,TRUE,,,eval,FALSE,FALSE,FALSE,FALSE,FALSE,",",0,0,objective,NA,NA,0,0,0,0,,FALSE
bipartiteObjective,outdegree - activity,Sum of squared outdegrees,outAct,FALSE,,,eval,FALSE,FALSE,FALSE,FALSE,FALSE,",",0,0,objective,NA,NA,0,0,0,0,,FALSE
bipartiteObjective,outdegree - activity (sqrt),Sum of outdegrees^(1.5),outActSqrt,FALSE,,,eval,FALSE,FALSE,FALSE,FALSE,FALSE,",",0,0,objective,NA,NA,0,0,0,0,,FALSE
bipartiteObjective,outdegree-trunc(#),Sum of outdegrees trunc(#),outTrunc,FALSE,,,eval,FALSE,FALSE,FALSE,FALSE,FALSE,",",0,1,objective,NA,NA,0,0,0,0,,FALSE
bipartiteObjective,outdegree-trunc(#),Sum of outdegrees trunc(#),outTrunc2,FALSE,,,eval,FALSE,FALSE,FALSE,FALSE,FALSE,",",0,5,objective,NA,NA,0,0,0,0,,FALSE
bipartiteObjective,1/(outdegree + #),Sum 1/(outdegrees + #),outInv,FALSE,,,eval,FALSE,FALSE,FALSE,FALSE,FALSE,",",0,1,objective,NA,NA,0,0,0,0,,FALSE
bipartiteObjective,1/(outdegree+#)(outdegree+1+#),Sum 1/(outdegrees + #)(outdegrees + 1 + #),outSqInv,FALSE,,,eval,FALSE,FALSE,FALSE,FALSE,FALSE,",",0,1,objective,NA,NA,0,0,0,0,,FALSE
bipartiteObjective,anti in-isolates,Number of indegrees at least 1,antiInIso,TRUE,,,eval,FALSE,FALSE,FALSE,FALSE,FALSE,",",0,0,objective,NA,NA,0,0,0,0,ego,FALSE
bipartiteObjective,anti in-near-isolates,Number of indegrees at least 2,antiInIso2,TRUE,,,eval,FALSE,FALSE,FALSE,FALSE,FALSE,",",0,0,objective,NA,NA,0,0,0,0,ego,FALSE
bipartiteObjective,indegree at least 2,Number of indegrees at least 2,in2Plus,TRUE,,,eval,FALSE,FALSE,FALSE,FALSE,FALSE,",",0,0,objective,NA,NA,0,0,0,0,ego,FALSE
bipartiteObjective,indegree at least 3,Number of indegrees at least 3,in3Plus,TRUE,,,eval,FALSE,FALSE,FALSE,FALSE,FALSE,",",0,0,objective,NA,NA,0,0,0,0,ego,FALSE
bipartiteObjective,out-in degree^(1/2) assortativity,Sum of out-in degree^(1/2) products,outInAss,TRUE,,,eval,FALSE,FALSE,FALSE,FALSE,FALSE,",",0,2,objective,NA,NA,0,0,0,0,,FALSE
nonSymmetricObjective,outdegree (density),Number of ties,density,TRUE,,,eval,FALSE,FALSE,FALSE,FALSE,FALSE,",",0,0,objective,NA,NA,0,0,0,0,dyadic,TRUE
nonSymmetricObjective,reciprocity,Number of reciprocated ties,recip,TRUE,,,eval,FALSE,FALSE,FALSE,FALSE,FALSE,",",0,0,objective,NA,NA,0,0,0,0,dyadic,TRUE
nonSymmetricObjective,transitive triplets,Number of transitive triplets,transTrip,TRUE,,,eval,FALSE,FALSE,FALSE,FALSE,FALSE,",",0,0,objective,NA,NA,0,0,0,0,,TRUE
nonSymmetricObjective,transitive triplets (1),Number of transitive triplets,transTrip1,TRUE,,,eval,FALSE,FALSE,FALSE,FALSE,FALSE,",",0,0,objective,NA,NA,0,0,0,0,dyadic,TRUE
nonSymmetricObjective,transitive triplets (2),Number of transitive triplets,transTrip2,TRUE,,,eval,FALSE,FALSE,FALSE,FALSE,FALSE,",",0,0,objective,NA,NA,0,0,0,0,dyadic,TRUE
nonSymmetricObjective,transitive mediated triplets,Number of transitive triplets,transMedTrip,TRUE,,,eval,FALSE,FALSE,FALSE,FALSE,FALSE,",",0,0,objective,NA,NA,0,0,0,0,,TRUE
nonSymmetricObjective,transitive recipr. triplets,Number of transitive recipr. triplets,transRecTrip,TRUE,,,eval,FALSE,FALSE,FALSE,FALSE,FALSE,",",0,0,objective,NA,NA,0,0,0,0,,TRUE
nonSymmetricObjective,trans. recipr. triplets type 2,Number of trans. recipr. triplets type 2,transRecTrip2,TRUE,,,eval,FALSE,FALSE,FALSE,FALSE,FALSE,",",0,0,objective,NA,NA,0,0,0,0,,TRUE
nonSymmetricObjective,3-cycles,3-cycles,cycle3,TRUE,,,eval,FALSE,FALSE,FALSE,FALSE,FALSE,",",0,0,objective,NA,NA,0,0,0,0,,TRUE
nonSymmetricObjective,transitive ties,Number of ties with transitive closure,transTies,TRUE,,,eval,FALSE,FALSE,FALSE,FALSE,FALSE,",",0,0,objective,NA,NA,0,0,0,0,,TRUE
nonSymmetricObjective,betweenness,betweenness count,between,FALSE,,,eval,FALSE,FALSE,FALSE,FALSE,FALSE,",",0,0,objective,NA,NA,0,0,0,0,,TRUE
nonSymmetricObjective,balance,Amount of balance,balance,TRUE,,,eval,FALSE,FALSE,FALSE,FALSE,FALSE,",",0,0,objective,NA,NA,0,0,0,0,,FALSE
nonSymmetricObjective,number of actors at dist 2,Number of directed dists equal to 2,nbrDist2,FALSE,,,eval,FALSE,FALSE,FALSE,FALSE,FALSE,",",0,0,objective,NA,NA,0,0,0,0,,FALSE
nonSymmetricObjective,number pairs at doubly achieved dist 2,Number of doubly achieved dists 2,nbrDist2twice,FALSE,,,eval,FALSE,FALSE,FALSE,FALSE,FALSE,",",0,0,objective,NA,NA,0,0,0,0,,FALSE
nonSymmetricObjective,dense triads,Sum of triads with # or more ties,denseTriads,FALSE,,,eval,FALSE,FALSE,FALSE,FALSE,FALSE,",",0,5,objective,NA,NA,0,0,0,0,,TRUE
nonSymmetricObjective,GWESP I -> K -> J (#),Number of edgewise shared partners by two path (#),gwespFF,TRUE,,,eval,FALSE,FALSE,FALSE,FALSE,FALSE,",",0,69,objective,NA,NA,0,0,0,0,dyadic,FALSE
nonSymmetricObjective,GWESP I <- K <- J (#),Number of edgewise shared partners by reverse two path (#),gwespBB,TRUE,,,eval,FALSE,FALSE,FALSE,FALSE,FALSE,",",0,69,objective,NA,NA,0,0,0,0,dyadic,FALSE
nonSymmetricObjective,GWESP I <- K -> J (#),Number of edgewise shared partners by out two stars (#),gwespFB,TRUE,,,eval,FALSE,FALSE,FALSE,FALSE,FALSE,",",0,69,objective,NA,NA,0,0,0,0,dyadic,FALSE
nonSymmetricObjective,GWESP I -> K <- J (#),Number of edgewise shared partners by in two stars (#),gwespBF,TRUE,,,eval,FALSE,FALSE,FALSE,FALSE,FALSE,",",0,69,objective,NA,NA,0,0,0,0,dyadic,FALSE
nonSymmetricObjective,GWESP I <> K <> J (#),Number of edgewise shared partners both in AND out two stars (#),gwespRR,TRUE,,,eval,FALSE,FALSE,FALSE,FALSE,FALSE,",",0,69,objective,NA,NA,0,0,0,0,dyadic,FALSE
nonSymmetricObjective,shared popularity,(Number 2-2PU)^1/#),sharedPop,TRUE,,,eval,FALSE,FALSE,FALSE,FALSE,FALSE,",",0,1,objective,NA,NA,0,0,0,0,,FALSE
nonSymmetricObjective,indegree - popularity,Sum of squared indegrees,inPop,TRUE,,,eval,FALSE,FALSE,FALSE,FALSE,FALSE,",",0,0,objective,NA,NA,0,0,0,0,dyadic,FALSE
nonSymmetricObjective,indegree - popularity (sqrt),Sum of indegrees x sqrt(indegree),inPopSqrt,TRUE,,,eval,FALSE,FALSE,FALSE,FALSE,FALSE,",",0,0,objective,NA,NA,0,0,0,0,,FALSE
nonSymmetricObjective,outdegree - popularity,Sum of crossproducts indegree x outdegree,outPop,TRUE,,,eval,FALSE,FALSE,FALSE,FALSE,FALSE,",",0,0,objective,NA,NA,0,0,0,0,dyadic,FALSE
nonSymmetricObjective,outdegree - popularity (sqrt),Sum of indegrees x sqrt(outdegree),outPopSqrt,FALSE,,,eval,FALSE,FALSE,FALSE,FALSE,FALSE,",",0,0,objective,NA,NA,0,0,0,0,dyadic,FALSE
nonSymmetricObjective,rec.degree - popularity,Sum rec.degr x indegr,reciPop,TRUE,,,eval,FALSE,FALSE,FALSE,FALSE,FALSE,",",0,0,objective,NA,NA,0,0,0,0,dyadic,FALSE
nonSymmetricObjective,rec.degree - popularity (sqrt),Sum sqrt(rec.degr) x indegr,reciPopSqrt,TRUE,,,eval,FALSE,FALSE,FALSE,FALSE,FALSE,",",0,0,objective,NA,NA,0,0,0,0,dyadic,FALSE
nonSymmetricObjective,indegree - activity (sqrt),Sum of outdegrees x sqrt(indegree),inActSqrt,FALSE,,,eval,FALSE,FALSE,FALSE,FALSE,FALSE,",",0,0,objective,NA,NA,0,0,0,0,ego,TRUE
nonSymmetricObjective,outdegree - activity,Sum of squared outdegrees,outAct,FALSE,,,eval,FALSE,FALSE,FALSE,FALSE,FALSE,",",0,0,objective,NA,NA,0,0,0,0,,TRUE
nonSymmetricObjective,outdegree - activity (sqrt),Sum of outdegrees^(1.5),outActSqrt,FALSE,,,eval,FALSE,FALSE,FALSE,FALSE,FALSE,",",0,0,objective,NA,NA,0,0,0,0,,TRUE
nonSymmetricObjective,rec.degree - activity,Sum rec.degr x outdegr,reciAct,FALSE,,,eval,FALSE,FALSE,FALSE,FALSE,FALSE,",",0,0,objective,NA,NA,0,0,0,0,,TRUE
nonSymmetricObjective,indegree - activity,Sum of crossproducts indegree x outdegree,inAct,FALSE,,,eval,FALSE,FALSE,FALSE,FALSE,FALSE,",",0,0,objective,NA,NA,0,0,0,0,ego,TRUE
nonSymmetricObjective,outdegree-trunc(#),Sum of outdegrees trunc(#),outTrunc,FALSE,,,eval,FALSE,FALSE,FALSE,FALSE,FALSE,",",0,1,objective,NA,NA,0,0,0,0,,TRUE
nonSymmetricObjective,outdegree-trunc(#),Sum of outdegrees trunc(#),outTrunc2,FALSE,,,eval,FALSE,FALSE,FALSE,FALSE,FALSE,",",0,5,objective,NA,NA,0,0,0,0,,TRUE
nonSymmetricObjective,1/(outdegree + #),Sum 1/(outdegrees + #),outInv,FALSE,,,eval,FALSE,FALSE,FALSE,FALSE,FALSE,",",0,1,objective,NA,NA,0,0,0,0,,TRUE
nonSymmetricObjective,1/(outdegree+#)(outdegree+1+#),Sum 1/(outdegrees + #)(outdegrees + 1 + #),outSqInv,FALSE,,,eval,FALSE,FALSE,FALSE,FALSE,FALSE,",",0,1,objective,NA,NA,0,0,0,0,,TRUE
nonSymmetricObjective,in-isolate Outdegree,Sum outdegrees for in-isolates,inIsDegree,FALSE,,,eval,FALSE,FALSE,FALSE,FALSE,FALSE,",",0,0,objective,NA,NA,0,0,0,0,ego,TRUE
nonSymmetricObjective,network-isolate,Number of isolates,isolateNet,FALSE,,,eval,FALSE,FALSE,FALSE,FALSE,FALSE,",",0,0,objective,NA,NA,0,0,0,0,ego,TRUE
nonSymmetricObjective,anti isolates,N. of act.(od.=0 and id.>=1),antiIso,TRUE,,,eval,FALSE,FALSE,FALSE,FALSE,FALSE,",",0,0,objective,NA,NA,0,0,0,0,ego,FALSE
nonSymmetricObjective,anti in-isolates,Number of indegrees at least 1,antiInIso,TRUE,,,eval,FALSE,FALSE,FALSE,FALSE,FALSE,",",0,0,objective,NA,NA,0,0,0,0,ego,FALSE
nonSymmetricObjective,anti in-near-isolates,Number of indegrees at least 2,antiInIso2,TRUE,,,eval,FALSE,FALSE,FALSE,FALSE,FALSE,",",0,0,objective,NA,NA,0,0,0,0,ego,FALSE
nonSymmetricObjective,indegree at least 2,Number of indegrees at least 2,in2Plus,TRUE,,,eval,FALSE,FALSE,FALSE,FALSE,FALSE,",",0,0,objective,NA,NA,0,0,0,0,ego,FALSE
nonSymmetricObjective,indegree at least 3,Number of indegrees at least 3,in3Plus,TRUE,,,eval,FALSE,FALSE,FALSE,FALSE,FALSE,",",0,0,objective,NA,NA,0,0,0,0,ego,FALSE
nonSymmetricObjective,isolate - popularity,N. actors (ind.=1 and outd.=0),isolatePop,TRUE,,,eval,FALSE,FALSE,FALSE,FALSE,FALSE,",",0,0,objective,NA,NA,0,0,0,0,ego,FALSE
nonSymmetricObjective,out-out degree^(1/#) assortativity,Sum of out-out degree^(1/#) products,outOutAss,TRUE,,,eval,FALSE,FALSE,FALSE,FALSE,FALSE,",",0,2,objective,NA,NA,0,0,0,0,,FALSE
nonSymmetricObjective,out-in degree^(1/#) assortativity,Sum of out-in degree^(1/#) products,outInAss,TRUE,,,eval,FALSE,FALSE,FALSE,FALSE,FALSE,",",0,2,objective,NA,NA,0,0,0,0,,FALSE
nonSymmetricObjective,in-out degree^(1/#) assortativity,Sum of in-out degree^(1/#) products,inOutAss,TRUE,,,eval,FALSE,FALSE,FALSE,FALSE,FALSE,",",0,2,objective,NA,NA,0,0,0,0,,FALSE
nonSymmetricObjective,in-in degree^(1/#) assortativity,Sum of in-in degree^(1/#) products,inInAss,TRUE,,,eval,FALSE,FALSE,FALSE,FALSE,FALSE,",",0,2,objective,NA,NA,0,0,0,0,,FALSE
nonSymmetricObjective,in-struct equivalence,In-struct equivalence,inStructEq,FALSE,,,eval,FALSE,FALSE,FALSE,FALSE,FALSE,",",0,0,objective,NA,NA,0,0,0,0,,FALSE
symmetricObjective,degree (density),Number of edges,density,TRUE,,,eval,FALSE,FALSE,FALSE,FALSE,FALSE,",",0,0,objective,NA,NA,0,0,0,0,ego,FALSE
symmetricObjective,transitive triads,Number of transitive triads,transTriads,TRUE,,,eval,FALSE,FALSE,FALSE,FALSE,FALSE,",",0,0,objective,NA,NA,0,0,0,0,,FALSE
symmetricObjective,transitive ties,Number of ties with transitive closure,transTies,TRUE,,,eval,FALSE,FALSE,FALSE,FALSE,FALSE,",",0,0,objective,NA,NA,0,0,0,0,,FALSE
symmetricObjective,betweenness,betweenness count,between,FALSE,,,eval,FALSE,FALSE,FALSE,FALSE,FALSE,",",0,0,objective,NA,NA,0,0,0,0,,FALSE
symmetricObjective,balance,Amount of balance,balance,TRUE,,,eval,FALSE,FALSE,FALSE,FALSE,FALSE,",",0,0,objective,NA,NA,0,0,0,0,,FALSE
symmetricObjective,number of actor pairs at dist 2,Number of dists equal to 2,nbrDist2,FALSE,,,eval,FALSE,FALSE,FALSE,FALSE,FALSE,",",0,0,objective,NA,NA,0,0,0,0,,FALSE
symmetricObjective,number pairs at doubly achieved dist 2,Number of doubly achieved dists 2,nbrDist2twice,FALSE,,,eval,FALSE,FALSE,FALSE,FALSE,FALSE,",",0,0,objective,NA,NA,0,0,0,0,,FALSE
symmetricObjective,GWESP (#),Number of edgewise shared partners (#),gwesp,TRUE,,,eval,FALSE,FALSE,FALSE,FALSE,FALSE,",",0,69,objective,NA,NA,0,0,0,0,dyadic,FALSE
symmetricObjective,4-cycles,(Number 4-cycles)^1/#),cycle4ND,TRUE,,,eval,FALSE,FALSE,FALSE,FALSE,FALSE,",",0,1,objective,NA,NA,0,0,0,0,,FALSE
symmetricObjective,degree of alter,Sum of squared degrees,inPop,TRUE,,,eval,FALSE,FALSE,FALSE,FALSE,FALSE,",",0,0,objective,NA,NA,0,0,0,0,,FALSE
symmetricObjective,sqrt degree of alter,Sum of degrees x sqrt(degree),inPopSqrt,TRUE,,,eval,FALSE,FALSE,FALSE,FALSE,FALSE,",",0,0,objective,NA,NA,0,0,0,0,,FALSE
symmetricObjective,degree^(1.5),Sum of degrees^(1.5),outActSqrt,FALSE,,,eval,FALSE,FALSE,FALSE,FALSE,FALSE,",",0,0,objective,NA,NA,0,0,0,0,,FALSE
symmetricObjective,outdegree-trunc(#),Sum of outdegrees trunc(#),outTrunc,FALSE,,,eval,FALSE,FALSE,FALSE,FALSE,FALSE,",",0,1,objective,NA,NA,0,0,0,0,,FALSE
symmetricObjective,outdegree-trunc(#),Sum of outdegrees trunc(#),outTrunc2,FALSE,,,eval,FALSE,FALSE,FALSE,FALSE,FALSE,",",0,5,objective,NA,NA,0,0,0,0,,FALSE
symmetricObjective,1/(degree + #),Sum 1/(degrees + #),outInv,FALSE,,,eval,FALSE,FALSE,FALSE,FALSE,FALSE,",",0,1,objective,NA,NA,0,0,0,0,,FALSE
symmetricObjective,1/(degree+#)(degree+1+#),Sum 1/(degrees + #)(degrees + 1 + #),outSqInv,FALSE,,,eval,FALSE,FALSE,FALSE,FALSE,FALSE,",",0,1,objective,NA,NA,0,0,0,0,,FALSE
symmetricObjective,network-isolate,Number of isolates,isolateNet,FALSE,,,eval,FALSE,FALSE,FALSE,FALSE,FALSE,",",0,0,objective,NA,NA,0,0,0,0,ego,FALSE
symmetricObjective,degree^(1/#) assortativity,Sum of degree^(1/#) products,outOutAss,TRUE,,,eval,FALSE,FALSE,FALSE,FALSE,FALSE,",",0,2,objective,NA,NA,0,0,0,0,,FALSE
covarSymmetricRate,effect xxxxxx on rate,effect xxxxxx on rate,RateX,NA,xxxxxx,,rate,FALSE,FALSE,FALSE,FALSE,FALSE,",",0,0,rate,NA,covariate,0,0,0,0,,FALSE
covarNonSymmetricRate,effect xxxxxx on rate,Amount of change x xxxxxx,RateX,NA,xxxxxx,,rate,FALSE,FALSE,FALSE,FALSE,FALSE,",",0,0,rate,NA,covariate,0,0,0,0,,FALSE
covarBipartiteRate,effect xxxxxx on rate,Amount of change x xxxxxx,RateX,NA,xxxxxx,,rate,FALSE,FALSE,FALSE,FALSE,FALSE,",",0,0,rate,NA,covariate,0,0,0,0,,FALSE
unspecifiedNetInteraction,unspecified interaction effect,unspecified interaction statistic,unspInt,TRUE,,,eval,FALSE,FALSE,FALSE,FALSE,FALSE,",",0,0,objective,NA,NA,0,0,0,0,,FALSE
unspecifiedBehaviorInteraction,behavior xxxxxx: unspecified interaction,beh. xxxxxx: unspecified interaction,behUnspInt,TRUE,,,eval,FALSE,FALSE,FALSE,FALSE,FALSE,",",0,0,objective,NA,NA,0,0,0,0,,FALSE
nonSymmetricSymmetricObjective,xxxxxx,sum crprod. with xxxxxx,crprod,TRUE,xxxxxx,,eval,FALSE,FALSE,FALSE,FALSE,FALSE,",",0,0,objective,NA,NA,0,0,0,0,dyadic,FALSE
nonSymmetricSymmetricObjective,degree^(1/#) xxxxxx popularity,sum ind. x degr.^(1/#) xxxxxx,inPopIntn,TRUE,xxxxxx,,eval,FALSE,FALSE,FALSE,FALSE,FALSE,",",0,2,objective,NA,NA,0,0,0,0,dyadic,FALSE
nonSymmetricSymmetricObjective,indegree^(1/#) xxxxxx activity,sum outd. x ind.^(1/#) xxxxxx,inActIntn,TRUE,xxxxxx,,eval,FALSE,FALSE,FALSE,FALSE,FALSE,",",0,2,objective,NA,NA,0,0,0,0,ego,FALSE
nonSymmetricSymmetricObjective,outdegree^(1/#) xxxxxx popularity,sum ind. x outd.^(1/#) xxxxxx,outPopIntn,TRUE,xxxxxx,,eval,FALSE,FALSE,FALSE,FALSE,FALSE,",",0,2,objective,NA,NA,0,0,0,0,dyadic,FALSE
nonSymmetricSymmetricObjective,degree^(1/#) xxxxxx activity,sum outd. x degre.^(1/#) xxxxxx,inActIntn,TRUE,xxxxxx,,eval,FALSE,FALSE,FALSE,FALSE,FALSE,",",0,2,objective,NA,NA,0,0,0,0,ego,FALSE
nonSymmetricSymmetricObjective,both degrees^(1/#) xxxxxx,sum tied degree^(1/#) products xxxxxx,both,TRUE,xxxxxx,,eval,FALSE,FALSE,FALSE,FALSE,FALSE,",",0,2,objective,NA,NA,0,0,0,0,dyadic,FALSE
nonSymmetricSymmetricObjective,from xxxxxx agreement,"mixed triplets XWW, W = xxxxxx",from,TRUE,xxxxxx,,eval,FALSE,FALSE,FALSE,FALSE,FALSE,",",0,0,objective,NA,NA,0,0,0,0,dyadic,FALSE
nonSymmetricSymmetricObjective,xxxxxx to agreement,"mixed triplets W->X=>X, W = xxxxxx",to,TRUE,xxxxxx,,eval,FALSE,FALSE,FALSE,FALSE,FALSE,",",0,0,objective,NA,NA,0,0,0,0,,FALSE
nonSymmetricSymmetricObjective,XWX closure of xxxxxx,"mixed triplets X->W=>X, W = xxxxxx",cl.XWX,TRUE,xxxxxx,,eval,FALSE,FALSE,FALSE,FALSE,FALSE,",",0,0,objective,NA,NA,0,0,0,0,,FALSE
nonSymmetricSymmetricObjective,closure of xxxxxx,"mixed triplets W->W=>X, W = xxxxxx",closure,TRUE,xxxxxx,,eval,FALSE,FALSE,FALSE,FALSE,FALSE,",",0,0,objective,NA,NA,0,0,0,0,dyadic,FALSE
nonSymmetricSymmetricObjective,shared xxxxxx (#) to agreement,"mixed 4cycles WWXX, W = xxxxxx",sharedTo,TRUE,xxxxxx,,eval,FALSE,FALSE,FALSE,FALSE,FALSE,",",0,1,objective,NA,NA,0,0,0,0,,FALSE
nonSymmetricNonSymmetricObjective,xxxxxx,sum crprod. with xxxxxx,crprod,TRUE,xxxxxx,,eval,FALSE,FALSE,FALSE,FALSE,FALSE,",",0,0,objective,NA,NA,0,0,0,0,dyadic,FALSE
nonSymmetricNonSymmetricObjective,reciprocity with xxxxxx,sum crprod. with recipr. xxxxxx,crprodRecip,TRUE,xxxxxx,,eval,FALSE,FALSE,FALSE,FALSE,FALSE,",",0,0,objective,NA,NA,0,0,0,0,dyadic,FALSE
nonSymmetricNonSymmetricObjective,mutuality with xxxxxx,sum crprod. with mutual xxxxxx,crprodMutual,TRUE,xxxxxx,,eval,FALSE,FALSE,FALSE,FALSE,FALSE,",",0,0,objective,NA,NA,0,0,0,0,dyadic,FALSE
nonSymmetricNonSymmetricObjective,ind.^(1/#) xxxxxx popularity,sum ind. x ind.^(1/#) xxxxxx,inPopIntn,TRUE,xxxxxx,,eval,FALSE,FALSE,FALSE,FALSE,FALSE,",",0,2,objective,NA,NA,0,0,0,0,dyadic,FALSE
nonSymmetricNonSymmetricObjective,ind.^(1/#) xxxxxx activity,sum outd. x ind.^(1/#) xxxxxx,inActIntn,TRUE,xxxxxx,,eval,FALSE,FALSE,FALSE,FALSE,FALSE,",",0,2,objective,NA,NA,0,0,0,0,ego,FALSE
nonSymmetricNonSymmetricObjective,outd.^(1/#) xxxxxx popularity,sum ind. x outd.^(1/#) xxxxxx,outPopIntn,TRUE,xxxxxx,,eval,FALSE,FALSE,FALSE,FALSE,FALSE,",",0,2,objective,NA,NA,0,0,0,0,dyadic,FALSE
nonSymmetricNonSymmetricObjective,outd.^(1/#) xxxxxx activity,sum outd. x degree^(1/#) xxxxxx,outActIntn,TRUE,xxxxxx,,eval,FALSE,FALSE,FALSE,FALSE,FALSE,",",0,2,objective,NA,NA,0,0,0,0,dyadic,FALSE
nonSymmetricNonSymmetricObjective,twopath^(1/#) xxxxxx activity,sum outd. x 2path^(1/#) xxxxxx,outOutActIntn,TRUE,xxxxxx,,eval,FALSE,FALSE,FALSE,FALSE,FALSE,",",0,2,objective,NA,NA,0,0,0,0,dyadic,FALSE
nonSymmetricNonSymmetricObjective,both indegrees^(1/#) xxxxxx,sum tied ind.^(1/#) products xxxxxx,both,TRUE,xxxxxx,,eval,FALSE,FALSE,FALSE,FALSE,FALSE,",",0,2,objective,NA,NA,0,0,0,0,dyadic,FALSE
nonSymmetricNonSymmetricObjective,betweenness^(1/#) xxxxxx popularity,sum ind. x betweenn.^(1/#) xxxxxx,betweenPop,TRUE,xxxxxx,,eval,FALSE,FALSE,FALSE,FALSE,FALSE,",",0,2,objective,NA,NA,0,0,0,0,dyadic,FALSE
nonSymmetricNonSymmetricObjective,from xxxxxx agreement,"mixed triplets XWW, W = xxxxxx",from,TRUE,xxxxxx,,eval,FALSE,FALSE,FALSE,FALSE,FALSE,",",0,0,objective,NA,NA,0,0,0,0,dyadic,FALSE
nonSymmetricNonSymmetricObjective,from xxxxxx mutual agr.,"mixed triplets XWW, W=m.xxxxxx",fromMutual,TRUE,xxxxxx,,eval,FALSE,FALSE,FALSE,FALSE,FALSE,",",0,0,objective,NA,NA,0,0,0,0,dyadic,FALSE
nonSymmetricNonSymmetricObjective,xxxxxx to agreement,"mixed triplets W->X=>X, W = xxxxxx",to,TRUE,xxxxxx,,eval,FALSE,FALSE,FALSE,FALSE,FALSE,",",0,0,objective,NA,NA,0,0,0,0,,FALSE
nonSymmetricNonSymmetricObjective,XWX closure of xxxxxx,"mixed triplets X->W=>X, W = xxxxxx",cl.XWX,TRUE,xxxxxx,,eval,FALSE,FALSE,FALSE,FALSE,FALSE,",",0,0,objective,NA,NA,0,0,0,0,,FALSE
nonSymmetricNonSymmetricObjective,XWX closure1 of xxxxxx,"mixed triplets X->W=>X, W = xxxxxx",cl.XWX1,FALSE,xxxxxx,,eval,FALSE,FALSE,FALSE,FALSE,FALSE,",",0,0,objective,NA,NA,0,0,0,0,,FALSE
nonSymmetricNonSymmetricObjective,XWX closure2 of xxxxxx,"mixed triplets X->W=>X, W = xxxxxx",cl.XWX2,FALSE,xxxxxx,,eval,FALSE,FALSE,FALSE,FALSE,FALSE,",",0,0,objective,NA,NA,0,0,0,0,,FALSE
nonSymmetricNonSymmetricObjective,closure of xxxxxx,"mixed triplets W->W=>X, W = xxxxxx",closure,TRUE,xxxxxx,,eval,FALSE,FALSE,FALSE,FALSE,FALSE,",",0,0,objective,NA,NA,0,0,0,0,dyadic,FALSE
nonSymmetricNonSymmetricObjective,cyclic closure of xxxxxx,"mixed cyclic triplets WWX, W = xxxxxx",cyClosure,TRUE,xxxxxx,,eval,FALSE,FALSE,FALSE,FALSE,FALSE,",",0,0,objective,NA,NA,0,0,0,0,dyadic,FALSE
nonSymmetricNonSymmetricObjective,shared incoming xxxxxx,"incoming mixed triplets WWX, W = xxxxxx",sharedIn,TRUE,xxxxxx,,eval,FALSE,FALSE,FALSE,FALSE,FALSE,",",0,0,objective,NA,NA,0,0,0,0,dyadic,FALSE
nonSymmetricNonSymmetricObjective,shared xxxxxx (#) to agreement,"mixed 4cycles WWXX, W = xxxxxx",sharedTo,TRUE,xxxxxx,,eval,FALSE,FALSE,FALSE,FALSE,FALSE,",",0,1,objective,NA,NA,0,0,0,0,,FALSE
bipartiteNonSymmetricObjective,outdegree^(1/#) xxxxxx activity,sum outd. x degree^(1/#) xxxxxx,outActIntn,TRUE,xxxxxx,,eval,FALSE,FALSE,FALSE,FALSE,FALSE,",",0,2,objective,NA,NA,0,0,0,0,dyadic,FALSE
bipartiteNonSymmetricObjective,xxxxxx to agreement,"mixed triplets XWW, W = xxxxxx",to,TRUE,xxxxxx,,eval,FALSE,FALSE,FALSE,FALSE,FALSE,",",0,0,objective,NA,NA,0,0,0,0,,FALSE
bipartiteNonSymmetricObjective,XWX closure of xxxxxx,"mixed triplets X->W=>X, W = xxxxxx",cl.XWX,TRUE,xxxxxx,,eval,FALSE,FALSE,FALSE,FALSE,FALSE,",",0,0,objective,NA,NA,0,0,0,0,,FALSE
bipartiteNonSymmetricObjective,shared xxxxxx (#) to agreement,"mixed 4cycles WWXX, W = xxxxxx",sharedTo,TRUE,xxxxxx,,eval,FALSE,FALSE,FALSE,FALSE,FALSE,",",0,1,objective,NA,NA,0,0,0,0,,FALSE
bipartiteSymmetricObjective,degree^(1/#) xxxxxx activity,sum outd. x degre.^(1/#) xxxxxx,outActIntn,TRUE,xxxxxx,,eval,FALSE,FALSE,FALSE,FALSE,FALSE,",",0,2,objective,NA,NA,0,0,0,0,dyadic,FALSE
bipartiteSymmetricObjective,xxxxxx to agreement,"mixed triplets XWW, W = xxxxxx",to,TRUE,xxxxxx,,eval,FALSE,FALSE,FALSE,FALSE,FALSE,",",0,0,objective,NA,NA,0,0,0,0,,FALSE
bipartiteSymmetricObjective,XWX closure of xxxxxx,"mixed triplets X->W=>X, W = xxxxxx",cl.XWX,TRUE,xxxxxx,,eval,FALSE,FALSE,FALSE,FALSE,FALSE,",",0,0,objective,NA,NA,0,0,0,0,,FALSE
bipartiteSymmetricObjective,shared xxxxxx (#) to agreement,"mixed 4cycles WWXX, W = xxxxxx",sharedTo,TRUE,xxxxxx,,eval,FALSE,FALSE,FALSE,FALSE,FALSE,",",0,1,objective,NA,NA,0,0,0,0,,FALSE
nonSymmetricBipartiteObjective,outdegree^(1/#) xxxxxx popularity,sum ind. x degree^(1/#) xxxxxx,outPopIntn,TRUE,xxxxxx,,eval,FALSE,FALSE,FALSE,FALSE,FALSE,",",0,2,objective,NA,NA,0,0,0,0,dyadic,FALSE
nonSymmetricBipartiteObjective,outdegree^(1/#) xxxxxx activity,sum outd. x degree^(1/#) xxxxxx,outActIntn,TRUE,xxxxxx,,eval,FALSE,FALSE,FALSE,FALSE,FALSE,",",0,2,objective,NA,NA,0,0,0,0,dyadic,FALSE
nonSymmetricBipartiteObjective,outd.^(1/#) xxxxxx dist.2 act.,sum outd. x 2path^(1/#) xxxxxx,outOutActIntn,TRUE,xxxxxx,,eval,FALSE,FALSE,FALSE,FALSE,FALSE,",",0,2,objective,NA,NA,0,0,0,0,dyadic,FALSE
nonSymmetricBipartiteObjective,from xxxxxx agreement,"mixed triplets XWW, W = xxxxxx",from,TRUE,xxxxxx,,eval,FALSE,FALSE,FALSE,FALSE,FALSE,",",0,0,objective,NA,NA,0,0,0,0,dyadic,FALSE
nonSymmetricBipartiteObjective,shared xxxxxx (#) to agreement,"mixed 4cycles WWXX, W = xxxxxx",sharedTo,TRUE,xxxxxx,,eval,FALSE,FALSE,FALSE,FALSE,FALSE,",",0,1,objective,NA,NA,0,0,0,0,,FALSE
bipartiteBipartiteObjective,xxxxxx,sum crprod. with xxxxxx,crprod,TRUE,xxxxxx,,eval,FALSE,FALSE,FALSE,FALSE,FALSE,",",0,0,objective,NA,NA,0,0,0,0,dyadic,FALSE
bipartiteBipartiteObjective,indegree^(1/#) xxxxxx popularity,sum ind. x ind.^(1/#) xxxxxx,inPopIntn,TRUE,xxxxxx,,eval,FALSE,FALSE,FALSE,FALSE,FALSE,",",0,2,objective,NA,NA,0,0,0,0,dyadic,FALSE
bipartiteBipartiteObjective,outdegree^(1/#) xxxxxx activity,sum outd. x outdegree^(1/#) xxxxxx,outActIntn,TRUE,xxxxxx,,eval,FALSE,FALSE,FALSE,FALSE,FALSE,",",0,2,objective,NA,NA,0,0,0,0,dyadic,FALSE
bipartiteBipartiteObjective,shared xxxxxx (#) to agreement,"mixed 4cycles WWXX, W = xxxxxx",sharedTo,TRUE,xxxxxx,,eval,FALSE,FALSE,FALSE,FALSE,FALSE,",",0,1,objective,NA,NA,0,0,0,0,,FALSE
covarNetNetObjective,xxxxxx closure jumping yyyyyy,"m.tr. W->W=>X, W = xxxxxx, jump yyyyyy",jumpWWClosure,TRUE,xxxxxx,yyyyyy,eval,FALSE,FALSE,FALSE,FALSE,FALSE,",",0,0,objective,NA,NA,0,0,0,0,dyadic,FALSE
covarNetNetObjective,mixed xxxxxx closure jumping yyyyyy,"m.tr. W->X=>X, W = xxxxxx, jump yyyyyy",jumpWXClosure,TRUE,xxxxxx,yyyyyy,eval,FALSE,FALSE,FALSE,FALSE,FALSE,",",0,0,objective,NA,NA,0,0,0,0,dyadic,FALSE
covarNetNetObjective,mixed xxxxxx closure homog. yyyyyy,"m.tr. W->X=>X, W = xxxxxx, homog. yyyyyy",homWXClosure,TRUE,xxxxxx,yyyyyy,eval,FALSE,FALSE,FALSE,FALSE,FALSE,",",0,0,objective,NA,NA,0,0,0,0,dyadic,FALSE
covarNetNetObjective,xxxxxx ego-alter dist 2 yyyyyy sim.ty,xxxxxx ego-alter dist 2 yyyyyy sim.ty,simEgoDist2W,TRUE,xxxxxx,yyyyyy,eval,FALSE,FALSE,FALSE,FALSE,FALSE,",",0,1,objective,NA,NA,0,0,0,0,dyadic,FALSE
covarNetNetObjective,yyyyyy in-alter at dist 2 on xxxxxx (#),yyyyyy in-alter at dist 2 on xxxxxx,altInDist2W,TRUE,xxxxxx,yyyyyy,eval,FALSE,FALSE,FALSE,FALSE,FALSE,",",0,0,objective,NA,NA,0,0,0,0,dyadic,FALSE
covarNetNetObjective,yyyyyy tot in-alt. at dist 2 on xxxxxx (#),yyyyyy tot in-alter at dist 2 on xxxxxx (#),totInDist2W,TRUE,xxxxxx,yyyyyy,eval,FALSE,FALSE,FALSE,FALSE,FALSE,",",0,0,objective,NA,NA,0,0,0,0,dyadic,FALSE
covarABNetNetObjective,from xxxxxx agr. x same yyyyyy,"m.tr. XWW, W = xxxxxx, same yyyyyy",covNetNet,TRUE,xxxxxx,yyyyyy,eval,FALSE,FALSE,FALSE,FALSE,FALSE,",",0,0,objective,NA,NA,0,0,0,0,dyadic,FALSE
covarANetNetObjective,xxxxxx ego-in-alter dist 2 yyyyyy sim.ty,xxxxxx ego-in-alter dist 2 yyyyyy sim.ty,simEgoInDist2W,TRUE,xxxxxx,yyyyyy,eval,FALSE,FALSE,FALSE,FALSE,FALSE,",",0,1,objective,NA,NA,0,0,0,0,dyadic,FALSE
covarBNetNetObjective,yyyyyy alter at dist 2 on xxxxxx (#),yyyyyy alter at dist 2 on xxxxxx (#),altDist2W,TRUE,xxxxxx,yyyyyy,eval,FALSE,FALSE,FALSE,FALSE,FALSE,",",0,1,objective,NA,NA,0,0,0,0,dyadic,FALSE
covarBNetNetObjective,yyyyyy tot alt. at dist 2 on xxxxxx (#),yyyyyy tot alt. at dist 2 on xxxxxx (#),totDist2W,TRUE,xxxxxx,yyyyyy,eval,FALSE,FALSE,FALSE,FALSE,FALSE,",",0,1,objective,NA,NA,0,0,0,0,dyadic,FALSE
covarBNetNetObjective,yyyyyy similarity at dist 2 on xxxxxx,yyyyyy similarity at dist 2 on xxxxxx,simDist2W,TRUE,xxxxxx,yyyyyy,eval,FALSE,FALSE,FALSE,FALSE,FALSE,",",0,1,objective,NA,NA,0,0,0,0,dyadic,FALSE
tripleNetworkObjective,from xxxxxx agr. weighted by yyyyyy ind,"m.tr. XWW, W = xxxxxx, weigth ind. yyyyyy",from.w.ind,TRUE,xxxxxx,yyyyyy,eval,FALSE,FALSE,FALSE,FALSE,FALSE,",",0,1,objective,NA,NA,0,0,0,0,dyadic,FALSE